"question_id","question","short_answer","answer_reasoning","pubmed_text","pubmed_id"
"q00000001","In cases of progressive multifocal leukoencephalopathy (PML), which two medications have been suggested for use in a treatment plan that blocks the 5‑HT2A receptor?","Risperidone and ziprasidone.","The passage title explicitly states “Treatment schedules for 5-HT2A blocking in progressive multifocal leukoencephalopathy using risperidone or ziprasidone.” Therefore, these are the two drugs proposed for 5-HT2A antagonism in PML.","Treatment schedules for 5-HT2A blocking in progressive multifocal leukoencephalopathy using risperidone or ziprasidone.
Adult
Female
Humans
Leukoencephalopathy, Progressive Multifocal
Piperazines
Risperidone
Serotonin 5-HT2 Receptor Antagonists
Serotonin Antagonists
Thiazoles
","Target-17450180"
"q00000003","What is the typical range of ertapenem’s post-antibiotic effect (PAE) duration against Gram-positive bacteria, and how does it compare with its PAE against Gram-negative bacteria?","Gram-positive PAE is 1.4–2.6 hours; it shows no PAE against Gram-negative strains.","The passage states ertapenem has a “short PAE of 1.4–2.6 h against the Gram-positive strains” and “no PAE against Gram-negative strains.” These values are explicitly provided as comparative PAE behavior across bacterial groups.","Ertapenem is a new 1-beta-methyl carbapenem, stable to dehydropeptidase, which binds preferable to penicillin-binding proteins (PBP) 2 and 3. Ertapenem has a broad antibacterial spectrum with MIC90 values < 0.5 mg/l for penicillin-susceptible Streptococcus pneumoniae, Streptococcus pyogenes, methicillin-sensitive Staphylococcus aureus, Haemophilus influenzae, Moraxella catarrhalis, Escherichia coli, Citrobacter spp., Klebsiella spp., Serratia spp., Proteus spp., Clostridium perfringens, Fusobacterium spp. Peptostreptococcus spp. and anaerobic Streptococcus spp. Ertapenem exhibits a bactericidal mode of action as shown by time-killing curves and exhibits a short PAE of 1.4 - 2.6 h against the Gram-positive strains but no PAE against Gram-negative strains. In an infection model in mice, it has been shown that ertapenem and imipenem were highly efficacious at a level of 2 mg/kg in bacterial clearance in comparison to ceftriaxone, cefepime, ceftazidime, cefazolin, cefonicid, cefotaxime and meropenem. In comparison to other available carbapenems, ertapenem has a long half-life of 4.5 h and is developed as a single daily dose carbapenem. The protein binding is dose-dependent and is estimated to 94% at concentrations under 100 mg/l and approximately 85% at 300 mg/l. Cmax after a dose of 1 g in healthy volunteers has been estimated to 190 mg/l. Given the pharmacokinetic/pharmacodynamic data, it may be predicted that ertapenem will have an effect on most Gram-positive and Gram-negative bacteria with the exception of Pseudomonas aeruginosa, Enterococcus spp. and Acinetobacter spp. For pathogens with a MIC of 0.5 mg/l, the estimated T > MIC will be 50% (of 24 h) and for pathogens with a MIC of 1 mg/l 31%. For anaerobic bacteria with MIC values between 1-2 mg/l, the T > MIC may not be sufficient for bacterial eradication. However, clinical trials have to confirm this hypothesis.
Animals
Anti-Bacterial Agents
Carbapenems
Clinical Trials, Phase II as Topic
Drug Evaluation
Ertapenem
Gram-Negative Aerobic Bacteria
Gram-Positive Bacteria
Humans
Lactams
Microbial Sensitivity Tests
beta-Lactams
","Target-11772242"
"q00000005","In an in vitro plasma-spiking study at a fixed metoclopramide concentration, which plasma protein is most strongly associated with variability in metoclopramide binding across individuals with renal disease and matched controls, and which other measured plasma components show no association with binding variability?","Alpha 1-acid glycoprotein (AAG); no relationship with albumin or plasma non-esterified fatty acids.","The passage states metoclopramide’s binding ratio was significantly related to AAG concentration in both groups. It also explicitly notes no significant relationship with albumin or plasma non-esterified fatty acids, and indicates AAG is the major binding protein.","The plasma protein binding of metoclopramide was measured after addition of the drug (60 ng ml-1) to plasma from 18 patients with renal disease and 18 age and sex matched healthy individuals. The mean free fraction in renal disease (0.59 range 0.41-0.71) was not significantly different from controls (mean 0.6 range 0.56-0.69). In both groups the binding ratio of metoclopramide was significantly related to plasma alpha 1-acid glycoprotein (AAG) concentration but not to albumin or plasma non-esterified fatty acids concentration. Metoclopramide bound to human serum albumin (HSA) to a limited extent and to human AAG to a greater extent indicating that AAG is the major binding protein for the drug in plasma.
Blood Proteins
Humans
In Vitro Techniques
Kidney Diseases
Kidney Failure, Chronic
Metoclopramide
Nephrotic Syndrome
Orosomucoid
Protein Binding
Serum Albumin
","Target-3964535"
"q00000002","What oxidative metabolites are produced in sequence when finasteride is metabolized by rat liver microsomes, and which intermediate is identified between the alcohol and the corresponding carboxylic acid?","Finasteride is hydroxylated to omega-OH finasteride, then oxidized via omega-aldehyde finasteride to omega-oic acid finasteride.","The passage states finasteride undergoes hydroxylation at the t-butyl group to form omega-OH finasteride. It is then further oxidized to the corresponding acid, omega-oic acid finasteride, with omega-aldehyde finasteride explicitly described as an intermediate.","Finasteride, a prescription drug for the treatment of benign prostatic hypertrophy and alleviation of symptoms associated with benign prostatic hypertrophy and alleviation of symptoms associated with benign prostatic hypertrophy, has been shown to be metabolized in rat hepatic microsomes by hydroxylation at the t-butyl group (omega-OH finasteride), followed by further oxidation to the corresponding acid (omega-oic acid finasteride), with omega-aldehyde finasteride as an intermediate. In this study, we identified specific human cytochrome P450 (CYP) isozyme(s) involved in the in vitro metabolism of [14C]finasteride using CYP isozyme-selective inhibitors and microsomes containing specific recombinant human CYP isozymes (expressed in human AHH-1 TK+/-cells). Each of the three steps of the oxidative pathway was examined separately by using [14C]finasteride and its consecutive metabolites (omega-OH finasteride and omega-aldehyde finasteride) as substrates, and human liver microsomes or expressed recombinant CYP isozymes as the enzyme source. Gestodene, a mechanism-based inhibitor of CYP3A isozymes, showed a concentration-dependent inhibition of the oxidative metabolism of [14C]finasteride. In addition, the respective omega-OH finasteride and omega-oic acid finasteride metabolites were generated only by microsomes containing recombinant CYP3A4, but not the other isozymes (CYP1A1, CYP2B6, CYP2C8, CYP2C9, CYP2D6, and CYP2E1). Similar results were obtained for the oxidation of omega-OH finasteride to omega-aldehyde finasteride, suggesting that human CYP3A isozymes were involved in the oxidation of omega-OH finasteride. When omega-aldehyde finasteride was incubated with human liver microsomes in the presence of an NADPH regenerating system, both the omega-oic acid finasteride and the omega-OH finasteride were detected, suggesting that oxidative and reductive reactions were occurring simultaneously and that they were NADPH- or NADP-dependent. Inhibitors of CYP3A isozymes inhibited the oxidation of omega-aldehyde finasteride in a concentration-dependent manner; an increase in the reduction was also observed, presumably caused by inhibition of the competitive oxidative reaction. Other selective CYP inhibitors for CYP1A1/2 (alpha-naphthoflavone), CYP2C8-10 (sulfaphenazole), CYP2D6 (quinidine), and CYP2E1 (diallylsulfone) showed minor or no effects on both reactions. Consistent with these results, only microsomes containing human recombinant CYP3A4 catalyzed the oxidation of omega-aldehyde finasteride to omega-oic acid finasteride. These results indicate that the oxidation of omega-aldehyde finasteride was NADPH-dependent and was mediated at least in part by CYP3A4. In addition, NAD-dependent enzymes in cytosolic, microsomal, and mitochondrial fractions were capable of oxidizing omega-aldehyde finasteride to omega-oic acid finasteride. Other cellular fractions, particularly mitochondria, were shown to convert finasteride to omega-oic acid finasteride in a similar fashion.
5-alpha Reductase Inhibitors
Adult
Aged
Cytochrome P-450 Enzyme System
Enzyme Inhibitors
Finasteride
Humans
In Vitro Techniques
Isoenzymes
Male
Microsomes, Liver
Mitochondria, Liver
Oxidation-Reduction
","Target-8654202"
"q00000009","How does erlotinib differentially affect multidrug resistance mediated by ABC transporters, particularly comparing its impact on BCRP/ABCG2-driven resistance to SN-38 and mitoxantrone with its impact on P-glycoprotein/ABCB1-driven resistance to vincristine/paclitaxel versus mitoxantrone/doxorubicin, including any paradoxical effects observed in resistant cell lines?","Erlotinib reversed BCRP resistance to SN-38/mitoxantrone, suppressed P-gp resistance to vincristine/paclitaxel, but not to mitoxantrone/doxorubicin, enhancing mitoxantrone resistance in K562/MDR.","The passage states erlotinib “effectively reversed BCRP-mediated resistance to SN-38 and mitoxantrone.” It also reports erlotinib “suppressed P-glycoprotein-mediated resistance to vincristine and paclitaxel” but “did not suppress resistance to mitoxantrone and doxorubicin,” and “appeared to enhance” P-gp-mediated mitoxantrone resistance in K562/MDR cells. These findings indicate bidirectional, substrate-dependent modulation of P-gp that contrasts with consistent reversal of BCRP resistance for the listed substrates.","Epidermal growth factor receptor tyrosine kinase inhibitors (EGFR-TKIs) inhibit the function of certain adenosine triphosphate (ATP)-binding cassette transporters, including P-glycoprotein/ABCB1 and breast cancer resistance protein (BCRP)/ABCG2. We previously reported an antagonistic activity of gefitinib towards BCRP. We have now analyzed the effects of erlotinib, another EGFR-TKI, on P-glycoprotein and BCRP. As with gefitinib, erlotinib effectively reversed BCRP-mediated resistance to SN-38 (7-ethyl-10-hydroxycamptothecin) and mitoxantrone. In contrast, we found that erlotinib effectively suppressed P-glycoprotein-mediated resistance to vincristine and paclitaxel, but did not suppress resistance to mitoxantrone and doxorubicin. Conversely, erlotinib appeared to enhance P-glycoprotein-mediated resistance to mitoxantrone in K562/MDR cells. This bidirectional activity of erlotinib was not observed with verapamil, a typical P-glycoprotein inhibitor. Flow cytometric analysis showed that erlotinib co-treatment restored intracellular accumulation of mitoxantrone in K562 cells expressing BCRP, but not in cells expressing P-glycoprotein. Consistently, erlotinib did not inhibit mitoxantrone efflux in K562/MDR cells although it did vincristine efflux in K562/MDR cells and mitoxantrone efflux in K562/BCRP cells. Intravesicular transport assay showed that erlotinib inhibited both P-glycoprotein-mediated vincristine transport and BCRP-mediated estrone 3-sulfate transport. Intriguingly, Lineweaver-Burk plot suggested that the inhibitory mode of erlotinib was a mixed type for P-glycoprotein-mediated vincristine transport whereas it was a competitive type for BCRP-mediated estrone 3-sulfate transport. Collectively, these observations indicate that the pharmacological activity of erlotinib on P-glycoprotein-mediated drug resistance is dependent upon the transporter substrate. These findings will be useful in understanding the pharmacological interactions of erlotinib used in combinational chemotherapy.
ATP Binding Cassette Transporter, Subfamily B, Member 1
ATP Binding Cassette Transporter, Subfamily G, Member 2
ATP-Binding Cassette Transporters
Carcinoma, Non-Small-Cell Lung
Doxorubicin
Drug Resistance, Multiple
Drug Resistance, Neoplasm
ErbB Receptors
Erlotinib Hydrochloride
Humans
K562 Cells
Lung Neoplasms
Mitoxantrone
Neoplasm Proteins
Paclitaxel
Protein Kinase Inhibitors
Quinazolines
Substrate Specificity
Tumor Cells, Cultured
Vincristine
","Target-19493273"
"q00000004","In in vitro ultrafiltration binding experiments conducted under physiological pH and temperature, what are the average (±SD) serum protein binding percentages for oxycodone and for morphine, and which serum protein is reported to be the primary binding protein for both?","Oxycodone 45.1% (±0.4%) vs morphine 35.3% (±0.2%); albumin was the major binding protein for both.","The passage reports mean serum protein binding at physiological pH and temperature as 45.1% (±0.4%) for oxycodone and 35.3% (±0.2%) for morphine. It also states that albumin was the major binding protein for both drugs in serum and purified protein experiments.","Protein binding of oxycodone and morphine in human serum was determined in vitro using ultrafiltration. Binding studies were also performed using both purified human serum albumin and human alpha 1-acid glycoprotein (AAG). Albumin was found to be the major binding protein for both oxycodone and morphine. The serum protein binding of both oxycodone and morphine was independent of drug concentration in the therapeutic range (5-100 ng/ml), but was dependent on protein concentration. In addition, bound fractions of oxycodone and morphine increased with increasing concentrations of both albumin and AAG. At physiological pH and temperature, the mean (+/- SD) serum protein binding of oxycodone was 45.1% (+/- 0.4%) and that of morphine was 35.3% (+/- 0.2%) A decrease in temperature from 37 to 23 degrees C significantly increased the serum protein binding of oxycodone and morphine by 8-9% (p < 0.0001) and 7-10% (p < 0.0001), respectively, indicating the importance of maintaining the temperature at 37 degrees C during protein binding experiments. A reduction in pH from 7.75-8.85 to 7.4 significantly reduced serum protein binding of both oxycodone and morphine by 4-5% (p < 0.0001) and 4-7% (p < 0.0001), respectively. Serum samples, to which known concentrations of oxycodone had been added and which were stored at -20 degrees C, showing a gradual but significant decline (p < 0.0001) in serum protein binding of oxycodone from approximately 45 to 39% during the 4-week storage period.(ABSTRACT TRUNCATED AT 250 WORDS)
Adsorption
Adult
Blood Proteins
Body Temperature
Female
Humans
Hydrogen-Ion Concentration
Male
Morphine
Orosomucoid
Oxycodone
Protein Binding
Serum Albumin
Ultrafiltration
","Target-8249052"
"q00000007","In studies using human liver microsomes, what quantitative findings indicate that bupropion is hydroxylated to hydroxybupropion predominantly by CYP2B6, and what correlation coefficients were reported to support this?","CYP2B6 antibody inhibited >95%; hydroxylation correlated with S-mephenytoin N-demethylation (r=0.94) and with CYP2B6 content (r=0.96).","The passage states a CYP2B6 inhibitory antibody produced more than 95% inhibition of bupropion hydroxylation in four human livers, implying near-exclusive CYP2B6 involvement. It also reports strong correlations between bupropion hydroxylation activity and another CYP2B6 reaction (r=0.94) and between CYP2B6 content and hydroxylation activity (r=0.96). Together these quantify CYP2B6 specificity.","The in vitro biotransformation of bupropion to hydroxybupropion was studied in human liver microsomes and microsomes containing heterologously expressed human cytochromes P450 (CYP). The mean (+/-S.E.) K(m) in four human liver microsomes was 89 (+/-14) microM. In microsomes containing cDNA-expressed CYPs, hydroxybupropion formation was mediated only by CYP2B6 at 50 microM bupropion (K(m) 85 microM). A CYP2B6 inhibitory antibody produced more than 95% inhibition of bupropion hydroxylation in four human livers. Bupropion hydroxylation activity at 250 microM was highly correlated with S-mephenytoin N-demethylation activity (yielding nirvanol), another CYP2B6-mediated reaction, in a panel of 32 human livers (r = 0.94). The CYP2B6 content of 12 human livers highly correlated with bupropion hydroxylation activity (r = 0.96). Thus bupropion hydroxylation is mediated almost exclusively by CYP2B6 and can serve as an index reaction reflecting activity of this isoform. IC(50) values for inhibition of a CYP2D6 index reaction (dextromethorphan O-demethylation) by bupropion and hydroxybupropion were 58 and 74 microM, respectively. This suggests a low inhibitory potency versus CYP2D6, the clinical importance of which is not established. Since bupropion is frequently coadministered with other antidepressants, IC(50) values (microM) for inhibition of bupropion hydroxylation were determined as follows: paroxetine (1.6), fluvoxamine (6.1), sertraline (3.2), desmethylsertraline (19.9), fluoxetine (59.5), norfluoxetine (4.2), and nefazodone (25.4). Bupropion hydroxylation was only weakly inhibited by venlafaxine, O-desmethylvenlafaxine, citalopram, and desmethylcitalopram. The inhibition of bupropion hydroxylation in vitro by a number of newer antidepressants suggests the potential for clinical drug interactions.
Antibodies
Antidepressive Agents, Second-Generation
Aryl Hydrocarbon Hydroxylases
Biotransformation
Bupropion
Chromatography, High Pressure Liquid
Cytochrome P-450 CYP2B6
Cytochrome P-450 Enzyme System
Dose-Response Relationship, Drug
Drug Interactions
Fluoxetine
Fluvoxamine
Humans
Hydroxylation
Isoenzymes
Kinetics
Microsomes, Liver
Oxidoreductases, N-Demethylating
Paroxetine
Piperazines
Sertraline
Triazoles
","Target-10997936"
"q00000006","In directional transport assays using LLC-PK1 cell monolayers (including cells expressing human MDR1), which statin demonstrated moderate P-glycoprotein–mediated efflux with the greatest basolateral-to-apical compared with apical-to-basolateral transport ratio, and what was the approximate range of that ratio?","Atorvastatin (AVA); 3.0–6.4-fold higher B→A than A→B transport.","The passage states SV had insignificant P-gp efflux, while SVA and AVA showed moderate P-gp transport. Specifically, SVA had 2.4–3.8-fold higher B→A than A→B transport, whereas AVA had 3.0–6.4-fold, the highest range reported.","PURPOSE: In this study, P-glycoprotein (P-gp) mediated efflux of simvastatin (SV), simvastatin acid (SVA), and atorvastatin (AVA) and inhibition of P-gp by SV, SVA, and AVA were evaluated to assess the role of P-gp in drug interactions.
METHODS: P-gp mediated efflux of SV, SVA, and AVA was determined by directional transport across monolayers of LLC-PK1 cells and LLC-PK1 cells transfected with human MDR1. Inhibition of P-gp was evaluated by studying the vinblastine efflux in Caco-2 cells and in P-gp overexpressing KBV1 cells at concentrations of SV, SVA, and AVA up to 50 microM.
RESULTS: Directional transport studies showed insignificant P-gp mediated efflux of SV, and moderate P-gp transport [2.4-3.8 and 3.0-6.4 higher Basolateral (B) to Apical (A) than A to B transport] for SVA and AVA, respectively. Inhibition studies did not show the same trend as the transport studies with SV and AVA inhibiting P-gp (IC50 -25-50 microM) but SVA not showing any inhibition of P-gp.
CONCLUSIONS: The moderate level of P-gp mediated transport and low affinity of SV, SVA, and AVA for P-gp inhibition compared to systemic drug levels suggest that drug interactions due to competition for P-gp transport is unlikely to be a significant factor in adverse drug interactions. Moreover, the inconsistencies between P-gp inhibition studies and P-gp transport of SV, SVA, and AVA indicate that the inhibition studies are not a valid means to identify statins as Pgp substrates.
ATP Binding Cassette Transporter, Subfamily B, Member 1
Atorvastatin
Biological Transport, Active
Cell Line
Drug Interactions
Heptanoic Acids
Humans
Hypolipidemic Agents
Pyrroles
Ritonavir
Simvastatin
Time Factors
","Target-15497697"
"q00000008","What was the detailed dosing regimen for Treatment A in the two-period crossover trial (Study I), including the troglitazone and simvastatin dose amounts and the exact days on which the two drugs were coadministered?","Troglitazone 400 mg once daily for 24 days, with simvastatin 40 mg once daily coadministered on Days 15–24.","The passage states Treatment A in Study I was “once-daily oral doses of troglitazone 400 mg… for 24 days” plus “once-daily doses of simvastatin 40 mg… on Days 15 through 24.” This directly specifies both doses and the coadministration window.","Two randomized, two-period crossover studies were conducted to evaluate the effects of repeat oral dosing of troglitazone (Study I) and pioglitazone (Study II) on the pharmacokinetics of plasma HMG-CoA reductase inhibitors following multiple oral doses of simvastatin and of simvastatin on the plasma pharmacokinetics of troglitazone (Study I) in healthy subjects. In both studies, each subject received two treatments. Treatment A consisted of once-daily oral doses of troglitazone 400 mg (Study I) or pioglitazone 45 mg (Study II) for 24 days with coadministration of once-daily doses of simvastatin 40 mg (Study I) or 80 mg (Study II) on Days 15 through 24. Treatment B consisted of once-daily oral doses of simvastatin 40 mg (Study I) or 80 mg (Study II) for 10 days. In Study I, the area under the plasma concentration-time profiles (AUC) and maximum plasma concentrations (Cmax) of HMG-CoA reductase inhibitors in subjects who received both troglitazone and simvastatin were decreased modestly (by approximately 30% for Cmax and approximately 40% for AUC), but time to reach Cmax (tmax) did not change, as compared with those who received simvastatin alone. Simvastatin, administered orally as a 40 mg tablet daily for 10 days, did not affect the AUC or tmax (p > 0.5) but caused a small but clinically insignificant increase (approximately 25%) in Cmax for troglitazone. In Study II, pioglitazone, at the highest approved dose for clinical use, did not significantly alter any of the pharmacokinetic parameters (AUC, Cmax, and tmax) of simvastatin HMG-CoA reductase inhibitory activity. For all treatment regimens, side effects were mild and transient, suggesting that coadministration of simvastatin with either troglitazone or pioglitazone was well tolerated. The modest effect of troglitazone on simvastatin pharmacokinetics is in agreement with the suggestion that troglitazone is an inducer of CYP3A. The insignificant effect of simvastatin on troglitazone pharmacokinetics is consistent with the conclusion that simvastatin is not a significant inhibitor for drug-metabolizing enzymes. The lack of pharmacokinetic effect of pioglitazone on simvastatin supports the expectation that this combination may be used safely.
Administration, Oral
Adult
Analysis of Variance
Area Under Curve
Chromans
Confidence Intervals
Cross-Over Studies
Drug Administration Schedule
Drug Interactions
Female
Headache
Humans
Hydroxymethylglutaryl-CoA Reductase Inhibitors
Hypoglycemic Agents
Male
Middle Aged
Pioglitazone
Simvastatin
Thiazoles
Thiazolidinediones
Troglitazone
","Target-11361054"
